<?xml version="1.0" encoding="UTF-8"?>
<!DOCTYPE mapper PUBLIC "-//mybatis.org//DTD Mapper 3.0//EN" "http://mybatis.org/dtd/mybatis-3-mapper.dtd">
<mapper namespace="egovframework.shop.sell.service.impl.SellMapper">

	<resultMap id="sell" type="egovframework.shop.sell.service.SellVO">
		<result property="id" column="id"/>
		<result property="name" column="name"/>
		<result property="description" column="description"/>
		<result property="useYn" column="use_yn"/>
		<result property="regUser" column="reg_user"/>
	</resultMap>

	<insert id="insertSell" parameterType="SellVO">

			INSERT INTO SELL
				( ID
				  , NAME
				  , DESCRIPTION
				  , USE_YN
				  , REG_USER )
			VALUES ( #{id}
				  , #{name}
				  , #{description}
				  , #{useYn}
				  , #{regUser} )

	</insert>

	<update id="updateSell">

			UPDATE SELL
			SET ID=#{id}
				, NAME=#{name}
				, DESCRIPTION=#{description}
				, USE_YN=#{useYn}
				  WHERE ID=#{id}

	</update>

	<delete id="deleteSell">

			DELETE FROM SELL
			WHERE ID=#{id}

	</delete>

	<select id="selectSell" resultMap="sell">

			SELECT
				ID, NAME, DESCRIPTION, USE_YN, REG_USER
			FROM SELL
			WHERE ID=#{id}

	</select>

	<select id="selectSellList" parameterType="searchVO" resultType="egovMap">

			SELECT
				ID, NAME, DESCRIPTION, USE_YN, REG_USER
			FROM SELL
			WHERE 1=1
			<if test="searchKeyword != null and searchKeyword != ''">
		        <choose>
		            <when test="searchCondition == 0">
						AND	ID LIKE '%' || #{searchKeyword} || '%'
					</when>
		            <when test="searchCondition == 1">
						AND	NAME LIKE '%' || #{searchKeyword} || '%'
					</when>
				</choose>
			</if>
			ORDER BY ID ASC
			LIMIT #{recordCountPerPage} OFFSET #{firstIndex}
	</select>

	<select id="selectSellListTotCnt" parameterType="searchVO" resultType="int">

			SELECT COUNT(*) totcnt
			FROM SELL
			WHERE 1=1
			<if test="searchKeyword != null and searchKeyword != ''">
		        <choose>
		            <when test="searchCondition == 0">
						AND ID LIKE '%' || #{searchKeyword} || '%'
					</when>
		            <when test="searchCondition == 1">
						AND	NAME LIKE '%' || #{searchKeyword} || '%'
					</when>
				</choose>
			</if>
	</select>

</mapper>